{"cameraMode":{"drawMode":0,"name":"Shaded","section":"Shading Mode"},"sceneLighting":false,"audioPlay":false,"sceneViewState":{"showFog":true,"showMaterialUpdate":false,"showSkybox":false,"showFlares":true,"showImageEffects":true,"showParticleSystems":true},"in2DMode":false,"pivot":{"x":-0.14328554272651673,"y":1.6283988952636719,"z":-5.960464477539063e-8},"rotation":{"x":0.04424087703227997,"y":0.4121971130371094,"z":0.020047273486852647,"w":-0.9098024368286133},"size":6.0247087478637699,"orthographic":false}